ID,Case Number,Date,Block,IUCR,Primary Type,Description,Location Description,Arrest,Domestic,Beat,District,Ward,Community Area,FBI Code,X Coordinate,Y Coordinate,Year,Updated On,Latitude,Longitude,Location
8316800,HT550945,08/11/2011 11:00:00 AM,086XX S MARQUETTE AVE,1120,DECEPTIVE PRACTICE,FORGERY,RESIDENCE,false,false,0423,004,7,46,10,1195654,1848294,2011,02/04/2016 06:33:39 AM,41.738615478,-87.558741896,"(41.738615478, -87.558741896)"
8316805,HT550781,10/20/2011 05:00:00 AM,056XX S ABERDEEN ST,0890,THEFT,FROM BUILDING,RESIDENCE,false,false,0712,007,16,68,06,1169943,1867457,2011,02/04/2016 06:33:39 AM,41.791797599,-87.652385205,"(41.791797599, -87.652385205)"
8316806,HT550706,10/20/2011 05:45:00 AM,079XX S LOOMIS BLVD,031A,ROBBERY,ARMED: HANDGUN,STREET,false,false,0612,006,21,71,03,1168370,1852331,2011,02/04/2016 06:33:39 AM,41.750323974,-87.658588247,"(41.750323974, -87.658588247)"
8316811,HT539324,10/12/2011 12:23:52 PM,003XX E 75TH ST,2027,NARCOTICS,POSS: CRACK,SMALL RETAIL STORE,true,false,0323,003,6,69,18,1179641,1855355,2011,02/04/2016 06:33:39 AM,41.758372192,-87.61719416,"(41.758372192, -87.61719416)"
8316814,HT551005,10/20/2011 10:40:00 AM,103XX S ELIZABETH ST,0484,BATTERY,PRO EMP HANDS NO/MIN INJURY,"SCHOOL, PUBLIC, BUILDING",true,false,2232,022,21,73,08B,1169846,1836216,2011,02/04/2016 06:33:39 AM,41.706070186,-87.653645803,"(41.706070186, -87.653645803)"
8316821,HT551028,10/20/2011 10:50:00 AM,040XX W VAN BUREN ST,3731,INTERFERENCE WITH PUBLIC OFFICER,OBSTRUCTING IDENTIFICATION,STREET,true,false,1132,011,24,26,24,1149599,1897719,2011,02/04/2016 06:33:39 AM,41.875258543,-87.726199383,"(41.875258543, -87.726199383)"
8316822,HT551031,10/19/2011 02:00:00 AM,071XX W DICKENS AVE,0910,MOTOR VEHICLE THEFT,AUTOMOBILE,SIDEWALK,false,false,2512,025,36,25,07,1127877,1913161,2011,02/04/2016 06:33:39 AM,41.918027518,-87.805606689,"(41.918027518, -87.805606689)"
8316824,HT551032,10/20/2011 12:00:00 AM,034XX N NATCHEZ AVE,2825,OTHER OFFENSE,HARASSMENT BY TELEPHONE,RESIDENCE,false,false,1632,016,36,17,26,1132429,1922272,2011,02/04/2016 06:33:39 AM,41.94295109,-87.788669409,"(41.94295109, -87.788669409)"
8316825,HT549690,10/19/2011 12:51:00 PM,079XX S ADA ST,2820,OTHER OFFENSE,TELEPHONE THREAT,APARTMENT,false,false,0612,006,21,71,26,1168711,1852015,2011,02/04/2016 06:33:39 AM,41.749449482,-87.657347764,"(41.749449482, -87.657347764)"
8316826,HT549865,10/19/2011 06:00:00 AM,011XX N LEAMINGTON AVE,0810,THEFT,OVER $500,RESIDENTIAL YARD (FRONT/BACK),false,false,1531,015,37,25,06,1141821,1907155,2011,02/04/2016 06:33:39 AM,41.9012995,-87.754523767,"(41.9012995, -87.754523767)"
8316827,HT550963,09/01/2011 04:00:00 PM,079XX S LOOMIS BLVD,0610,BURGLARY,FORCIBLE ENTRY,RESIDENCE-GARAGE,false,false,0612,006,21,71,05,1168380,1851969,2011,02/04/2016 06:33:39 AM,41.749330381,-87.658562005,"(41.749330381, -87.658562005)"
8316838,HT548010,10/17/2011 03:20:00 PM,055XX N KEDZIE AVE,0820,THEFT,$500 AND UNDER,"SCHOOL, PUBLIC, GROUNDS",true,false,1712,017,40,13,06,1154047,1936545,2011,02/04/2016 06:33:39 AM,41.981712678,-87.708829703,"(41.981712678, -87.708829703)"
8316839,HT551049,10/20/2011 08:50:00 AM,102XX S AVENUE N,0430,BATTERY,AGGRAVATED: OTHER DANG WEAPON,STREET,false,false,0432,004,10,52,04B,1201166,1837763,2011,02/04/2016 06:33:39 AM,41.709579698,-87.538903651,"(41.709579698, -87.538903651)"
8316841,HT550877,10/19/2011 02:50:00 PM,029XX W POLK ST,0545,ASSAULT,PRO EMP HANDS NO/MIN INJURY,"SCHOOL, PUBLIC, BUILDING",false,false,1135,011,28,27,08A,1156879,1896229,2011,02/04/2016 06:33:39 AM,41.871025414,-87.699510379,"(41.871025414, -87.699510379)"
8316842,HT438248,08/08/2011 06:00:00 AM,028XX N MONTCLARE AVE,0620,BURGLARY,UNLAWFUL ENTRY,RESIDENCE-GARAGE,false,false,2511,025,36,18,05,1128261,1918118,2011,02/04/2016 06:33:39 AM,41.931623663,-87.804083412,"(41.931623663, -87.804083412)"
8316843,HT551037,10/20/2011 11:00:00 AM,040XX W WILCOX ST,0486,BATTERY,DOMESTIC BATTERY SIMPLE,RESIDENCE PORCH/HALLWAY,false,true,1115,011,28,26,08B,1149502,1899030,2011,02/04/2016 06:33:39 AM,41.878857958,-87.726521499,"(41.878857958, -87.726521499)"
8316845,HT550844,10/16/2011 05:00:00 AM,008XX N KEYSTONE AVE,0610,BURGLARY,FORCIBLE ENTRY,RESIDENCE,false,false,1111,011,37,23,05,1149237,1905266,2011,02/04/2016 06:33:39 AM,41.895975356,-87.727332834,"(41.895975356, -87.727332834)"
8316846,HT549243,10/18/2011 06:30:00 PM,001XX S STATE ST,0810,THEFT,OVER $500,COMMERCIAL / BUSINESS OFFICE,false,false,0123,001,42,32,06,1176401,1899781,2011,02/04/2016 06:33:39 AM,41.880354393,-87.627731367,"(41.880354393, -87.627731367)"
8316849,HT537557,10/11/2011 11:05:00 AM,031XX W 40TH PL,1811,NARCOTICS,POSS: CANNABIS 30GMS OR LESS,ALLEY,true,false,0912,009,14,58,18,1156076,1877598,2011,02/04/2016 06:33:39 AM,41.819916024,-87.702960563,"(41.819916024, -87.702960563)"
8316851,HT549751,10/19/2011 01:35:00 PM,007XX N PULASKI RD,0545,ASSAULT,PRO EMP HANDS NO/MIN INJURY,"SCHOOL, PUBLIC, BUILDING",false,false,1111,011,28,23,08A,1149590,1904648,2011,02/04/2016 06:33:39 AM,41.894272651,-87.726052394,"(41.894272651, -87.726052394)"
8316857,HT549795,10/19/2011 01:40:00 PM,008XX N CICERO AVE,0860,THEFT,RETAIL THEFT,CONVENIENCE STORE,false,false,1111,011,37,25,06,1144207,1904963,2011,02/04/2016 06:33:39 AM,41.895239896,-87.745814792,"(41.895239896, -87.745814792)"
8316858,HT550743,10/20/2011 07:15:00 AM,047XX W HURON ST,1310,CRIMINAL DAMAGE,TO PROPERTY,RESIDENTIAL YARD (FRONT/BACK),false,false,1111,011,28,25,14,1144640,1904219,2011,02/04/2016 06:33:39 AM,41.893190128,-87.744243234,"(41.893190128, -87.744243234)"
8316861,HT550987,10/20/2011 07:30:00 AM,053XX W BELLE PLAINE AVE,0917,MOTOR VEHICLE THEFT,"CYCLE, SCOOTER, BIKE W-VIN",STREET,true,false,1624,016,38,15,07,1139929,1926740,2011,02/04/2016 06:33:39 AM,41.955077629,-87.760993172,"(41.955077629, -87.760993172)"
8316863,HT546138,10/15/2011 03:30:00 PM,036XX N BROADWAY,0620,BURGLARY,UNLAWFUL ENTRY,CONSTRUCTION SITE,false,false,2324,019,46,6,05,1170686,1924581,2011,02/04/2016 06:33:39 AM,41.948533921,-87.647988403,"(41.948533921, -87.647988403)"
8316869,HT550891,10/20/2011 12:01:00 AM,007XX W BRIAR PL,0810,THEFT,OVER $500,STREET,false,false,2332,019,44,6,06,1170701,1921144,2011,02/04/2016 06:33:39 AM,41.939102331,-87.648034272,"(41.939102331, -87.648034272)"
8316870,HT550911,10/20/2011 09:39:00 AM,061XX N BROADWAY,0860,THEFT,RETAIL THEFT,DRUG STORE,true,false,2433,024,48,77,06,1167183,1941083,2011,02/04/2016 06:33:39 AM,41.993892087,-87.660388215,"(41.993892087, -87.660388215)"
8316871,HT549680,10/19/2011 01:03:00 PM,044XX N BROADWAY,0460,BATTERY,SIMPLE,DEPARTMENT STORE,false,false,2313,019,46,3,08B,1168460,1929880,2011,02/04/2016 06:33:39 AM,41.963123126,-87.65601675,"(41.963123126, -87.65601675)"
8316872,HT551071,10/19/2011 03:10:00 PM,053XX S CALUMET AVE,0810,THEFT,OVER $500,RESIDENCE,false,false,0234,002,3,40,06,1179390,1869685,2011,02/04/2016 06:33:39 AM,41.797700881,-87.617676981,"(41.797700881, -87.617676981)"
8316873,HT551063,10/20/2011 11:10:00 AM,003XX E 47TH ST,1811,NARCOTICS,POSS: CANNABIS 30GMS OR LESS,SIDEWALK,true,false,0222,002,3,38,18,1178980,1873925,2011,02/04/2016 06:33:39 AM,41.809345175,-87.619051287,"(41.809345175, -87.619051287)"
8316874,HT550901,10/20/2011 09:11:00 AM,033XX W OGDEN AVE,2022,NARCOTICS,POSS: COCAINE,POLICE FACILITY/VEH PARKING LOT,true,false,1024,010,24,29,18,1154489,1891024,2011,02/04/2016 06:33:39 AM,41.856790413,-87.708424071,"(41.856790413, -87.708424071)"
8316875,HT549739,10/19/2011 01:30:00 PM,002XX E GARFIELD BLVD,0820,THEFT,$500 AND UNDER,CTA BUS,false,false,0232,002,3,40,06,1178645,1868596,2011,02/04/2016 06:33:39 AM,41.794729551,-87.620442108,"(41.794729551, -87.620442108)"
8316880,HT549802,10/19/2011 12:00:00 PM,011XX W WILSON AVE,0460,BATTERY,SIMPLE,COLLEGE/UNIVERSITY GROUNDS,false,false,2311,019,46,3,08B,1167612,1930696,2011,02/04/2016 06:33:39 AM,41.96538061,-87.659110921,"(41.96538061, -87.659110921)"
8316881,HT431449,08/04/2011 11:00:00 AM,027XX W CHICAGO AVE,0820,THEFT,$500 AND UNDER,STREET,false,false,1313,012,26,24,06,1157782,1905211,2011,02/04/2016 06:33:39 AM,41.895654523,-87.69595021,"(41.895654523, -87.69595021)"
8316882,HT549162,10/19/2011 06:42:00 AM,105XX S WESTERN AVE,0610,BURGLARY,FORCIBLE ENTRY,TAVERN/LIQUOR STORE,false,false,2211,022,19,72,05,1162255,1834721,2011,02/04/2016 06:33:39 AM,41.702128701,-87.681485145,"(41.702128701, -87.681485145)"
8316884,HT544972,10/16/2011 04:30:00 AM,103XX S HALSTED ST,1310,CRIMINAL DAMAGE,TO PROPERTY,SMALL RETAIL STORE,false,false,2232,022,34,73,14,1172807,1836192,2011,02/04/2016 06:33:39 AM,41.705939683,-87.642803521,"(41.705939683, -87.642803521)"
8316886,HT549777,10/19/2011 02:10:00 PM,014XX W PRATT BLVD,0850,THEFT,ATTEMPT THEFT,SMALL RETAIL STORE,false,false,2431,024,49,1,06,1165565,1945281,2011,02/04/2016 06:33:39 AM,42.005446228,-87.666219555,"(42.005446228, -87.666219555)"
8316887,HT551046,10/20/2011 11:10:00 AM,050XX N WINTHROP AVE,2820,OTHER OFFENSE,TELEPHONE THREAT,RESIDENCE,false,false,2033,020,48,3,26,1167955,1933907,2011,02/04/2016 06:33:39 AM,41.974184283,-87.657756697,"(41.974184283, -87.657756697)"
8316889,HT550997,10/20/2011 09:10:00 AM,041XX N DICKINSON AVE,1121,DECEPTIVE PRACTICE,COUNTERFEITING DOCUMENT,STREET,true,false,1624,016,45,15,10,1142513,1926900,2011,02/04/2016 06:33:39 AM,41.955468935,-87.751489799,"(41.955468935, -87.751489799)"
8316890,HT532649,10/07/2011 11:46:00 PM,062XX S VERNON AVE,2092,NARCOTICS,SOLICIT NARCOTICS ON PUBLICWAY,SIDEWALK,true,false,0313,003,20,42,26,1180324,1863694,2011,02/04/2016 06:33:39 AM,41.781239632,-87.614435596,"(41.781239632, -87.614435596)"
8316892,HT551045,10/20/2011 10:45:00 AM,009XX N HAMLIN AVE,1822,NARCOTICS,MANU/DEL:CANNABIS OVER 10 GMS,RESIDENTIAL YARD (FRONT/BACK),true,false,1112,011,27,23,18,1150878,1906101,2011,02/04/2016 06:33:39 AM,41.898234716,-87.721283861,"(41.898234716, -87.721283861)"
8316893,HT551023,10/20/2011 02:00:00 AM,081XX S STEWART AVE,0810,THEFT,OVER $500,STREET,false,false,0622,006,21,44,06,1175042,1850896,2011,02/04/2016 06:33:39 AM,41.746239973,-87.634181801,"(41.746239973, -87.634181801)"
8316894,HT550772,10/20/2011 07:10:00 AM,048XX N TALMAN AVE,1320,CRIMINAL DAMAGE,TO VEHICLE,STREET,false,false,2031,020,40,4,14,1157831,1931974,2011,02/04/2016 06:33:39 AM,41.969093078,-87.695038453,"(41.969093078, -87.695038453)"
8316895,HT551029,10/20/2011 10:39:00 AM,007XX W VAN BUREN ST,0920,MOTOR VEHICLE THEFT,ATT: AUTOMOBILE,VEHICLE NON-COMMERCIAL,false,false,0111,001,2,28,07,1171954,1898418,2011,02/04/2016 06:33:39 AM,41.876713396,-87.644100332,"(41.876713396, -87.644100332)"
8316898,HT551055,10/16/2011 09:00:00 AM,018XX S LAFLIN ST,1365,CRIMINAL TRESPASS,TO RESIDENCE,APARTMENT,false,false,1222,012,25,31,26,1166665,1891065,2011,02/04/2016 06:33:39 AM,41.856651049,-87.663730374,"(41.856651049, -87.663730374)"
8316899,HT550695,10/20/2011 05:30:00 AM,122XX S HALSTED ST,1310,CRIMINAL DAMAGE,TO PROPERTY,RESIDENCE PORCH/HALLWAY,false,false,0524,005,34,53,14,1173210,1823636,2011,02/04/2016 06:33:39 AM,41.671475169,-87.641696924,"(41.671475169, -87.641696924)"
8316900,HT550958,10/20/2011 08:58:00 AM,057XX S MICHIGAN AVE,0484,BATTERY,PRO EMP HANDS NO/MIN INJURY,"SCHOOL, PUBLIC, GROUNDS",false,false,0233,002,20,40,08B,1178137,1866956,2011,02/04/2016 06:33:39 AM,41.790240779,-87.622354657,"(41.790240779, -87.622354657)"
8316901,HT549052,10/19/2011 12:01:00 AM,064XX S DR MARTIN LUTHER KING JR DR,1811,NARCOTICS,POSS: CANNABIS 30GMS OR LESS,STREET,true,false,0312,003,20,42,18,1180027,1862432,2011,02/04/2016 06:33:39 AM,41.777783389,-87.615563072,"(41.777783389, -87.615563072)"
8316902,HT550988,10/20/2011 10:25:00 AM,066XX S KENNETH AVE,0486,BATTERY,DOMESTIC BATTERY SIMPLE,RESIDENCE,false,false,0833,008,13,65,08B,1147854,1860166,2011,02/04/2016 06:33:39 AM,41.772241474,-87.733568892,"(41.772241474, -87.733568892)"
8316909,HT550957,10/20/2011 04:45:00 AM,051XX S MONITOR AVE,2825,OTHER OFFENSE,HARASSMENT BY TELEPHONE,RESIDENCE,false,true,0811,008,23,56,26,1138234,1869952,2011,02/04/2016 06:33:39 AM,41.79927468,-87.768598031,"(41.79927468, -87.768598031)"
8316910,HT551068,10/20/2011 11:00:00 AM,0000X S PULASKI RD,1812,NARCOTICS,POSS: CANNABIS MORE THAN 30GMS,STREET,true,false,1122,011,28,26,18,1149731,1899625,2011,02/04/2016 06:33:39 AM,41.880486258,-87.725665179,"(41.880486258, -87.725665179)"
8316911,HT551019,10/20/2011 09:40:00 AM,040XX W LAKE ST,1310,CRIMINAL DAMAGE,TO PROPERTY,RESTAURANT,true,false,1114,011,28,26,14,1149512,1901446,2011,02/04/2016 06:33:39 AM,41.885487535,-87.726422045,"(41.885487535, -87.726422045)"
8316912,HT550919,10/19/2011 09:30:00 PM,096XX S GREEN ST,1310,CRIMINAL DAMAGE,TO PROPERTY,RESIDENTIAL YARD (FRONT/BACK),false,false,2223,022,21,73,14,1172345,1840843,2011,02/04/2016 06:33:39 AM,41.718712866,-87.64435905,"(41.718712866, -87.64435905)"
8316913,HT551074,10/13/2011 12:01:00 AM,042XX W IOWA ST,0610,BURGLARY,FORCIBLE ENTRY,RESIDENCE,false,false,1111,011,37,23,05,1148122,1905668,2011,02/04/2016 06:33:39 AM,41.897100025,-87.731417674,"(41.897100025, -87.731417674)"
8316914,HT551095,10/19/2011 10:00:00 PM,002XX N COLUMBUS DR,1320,CRIMINAL DAMAGE,TO VEHICLE,PARKING LOT/GARAGE(NON.RESID.),false,false,0124,001,42,32,14,1178300,1901989,2011,02/04/2016 06:33:39 AM,41.886370204,-87.620691199,"(41.886370204, -87.620691199)"
8316915,HT551075,10/19/2011 10:30:00 PM,009XX N HAMLIN AVE,0915,MOTOR VEHICLE THEFT,"TRUCK, BUS, MOTOR HOME",STREET,false,false,1112,011,27,23,07,1150880,1906046,2011,02/04/2016 06:33:39 AM,41.898083752,-87.721277957,"(41.898083752, -87.721277957)"
8316917,HT551070,10/20/2011 11:15:00 AM,010XX N ST LOUIS AVE,2024,NARCOTICS,POSS: HEROIN(WHITE),SIDEWALK,true,false,1121,011,27,23,18,1152848,1906804,2011,02/04/2016 06:33:39 AM,41.900125022,-87.714029524,"(41.900125022, -87.714029524)"
8316918,HT551059,10/20/2011 10:15:00 AM,079XX S STONY ISLAND AVE,1121,DECEPTIVE PRACTICE,COUNTERFEITING DOCUMENT,RESTAURANT,false,false,0411,004,8,45,10,1188279,1852811,2011,02/04/2016 06:33:39 AM,41.751189538,-87.585618087,"(41.751189538, -87.585618087)"
8316919,HT551141,10/20/2011 11:50:00 AM,111XX S ASHLAND AVE,0486,BATTERY,DOMESTIC BATTERY SIMPLE,RESIDENCE,false,true,2234,022,34,75,08B,1167337,1830440,2011,02/04/2016 06:33:39 AM,41.690273866,-87.662998245,"(41.690273866, -87.662998245)"
8316921,HT551082,10/20/2011 11:20:00 AM,100XX S MAY ST,1310,CRIMINAL DAMAGE,TO PROPERTY,RESIDENCE,false,true,2232,022,34,73,14,1170428,1838136,2011,02/04/2016 06:33:39 AM,41.711326335,-87.65145888,"(41.711326335, -87.65145888)"
8316922,HT550923,10/20/2011 01:30:00 AM,080XX S DR MARTIN LUTHER KING JR DR,0430,BATTERY,AGGRAVATED: OTHER DANG WEAPON,STREET,false,false,0623,006,6,44,04B,1180294,1851885,2011,02/04/2016 06:33:39 AM,41.748835188,-87.614907186,"(41.748835188, -87.614907186)"
8316923,HT551069,10/19/2011 12:00:00 PM,002XX W RANDOLPH ST,0870,THEFT,POCKET-PICKING,RESTAURANT,false,false,0113,001,42,32,06,1174560,1901264,2011,02/04/2016 06:33:39 AM,41.88446517,-87.634446911,"(41.88446517, -87.634446911)"
8316927,HT550899,05/05/2011 09:00:00 AM,010XX W 109TH ST,1150,DECEPTIVE PRACTICE,CREDIT CARD FRAUD,RESIDENCE,false,false,2234,022,34,75,11,1171191,1832528,2011,02/04/2016 06:33:39 AM,41.695920504,-87.648827836,"(41.695920504, -87.648827836)"
8316928,HT551061,10/19/2011 10:00:00 PM,063XX N LEHIGH AVE,1320,CRIMINAL DAMAGE,TO VEHICLE,STREET,false,false,1621,016,41,12,14,1138778,1941501,2011,02/04/2016 06:33:39 AM,41.995604082,-87.764864422,"(41.995604082, -87.764864422)"
8316930,HT551147,10/15/2011 12:00:00 PM,010XX N HAMLIN AVE,0920,MOTOR VEHICLE THEFT,ATT: AUTOMOBILE,STREET,false,false,1112,011,27,23,07,1150859,1906705,2011,02/04/2016 06:33:39 AM,41.899892524,-87.721337822,"(41.899892524, -87.721337822)"
8316938,HT537420,10/09/2011 12:00:00 PM,037XX N LARAMIE AVE,1310,CRIMINAL DAMAGE,TO PROPERTY,"SCHOOL, PUBLIC, BUILDING",false,false,1634,016,38,15,14,1141025,1924572,2011,02/04/2016 06:33:39 AM,41.949108281,-87.757017615,"(41.949108281, -87.757017615)"
8316940,HT551098,10/19/2011 03:00:00 PM,059XX N LINCOLN AVE,051A,ASSAULT,AGGRAVATED: HANDGUN,SIDEWALK,true,false,2011,020,40,2,04A,1154973,1939274,2011,02/04/2016 06:33:39 AM,41.989182614,-87.705350536,"(41.989182614, -87.705350536)"
8316941,HT550818,10/19/2011 04:30:00 PM,052XX S UNIVERSITY AVE,0820,THEFT,$500 AND UNDER,STREET,false,false,2131,002,4,41,06,1184692,1870764,2011,02/04/2016 06:33:39 AM,41.800538968,-87.598200112,"(41.800538968, -87.598200112)"
8316942,HT551006,10/19/2011 02:15:00 PM,058XX N LINCOLN AVE,0560,ASSAULT,SIMPLE,"SCHOOL, PUBLIC, BUILDING",false,false,2011,020,40,2,08A,1155809,1938617,2011,02/04/2016 06:33:39 AM,41.987362912,-87.702293402,"(41.987362912, -87.702293402)"
8316947,HT551114,10/20/2011 11:40:00 AM,018XX N LONG AVE,1811,NARCOTICS,POSS: CANNABIS 30GMS OR LESS,STREET,true,false,2532,025,37,25,18,1140108,1911620,2011,02/04/2016 06:33:39 AM,41.913583518,-87.760706384,"(41.913583518, -87.760706384)"
8316954,HT551090,10/20/2011 11:50:00 AM,088XX S MUSKEGON AVE,0486,BATTERY,DOMESTIC BATTERY SIMPLE,APARTMENT,true,true,0423,004,10,46,08B,1196547,1846833,2011,02/04/2016 06:33:39 AM,41.734584273,-87.55551858,"(41.734584273, -87.55551858)"
8316956,HT550996,10/20/2011 08:15:00 AM,023XX S CHRISTIANA AVE,0460,BATTERY,SIMPLE,"SCHOOL, PUBLIC, BUILDING",false,false,1024,010,22,30,08B,1154399,1888201,2011,02/04/2016 06:33:39 AM,41.849045571,-87.708829783,"(41.849045571, -87.708829783)"
8316957,HT551093,10/08/2011 12:30:00 PM,081XX S WABASH AVE,0560,ASSAULT,SIMPLE,RESIDENCE,false,true,0631,006,6,44,08A,1178124,1851070,2011,02/04/2016 06:33:39 AM,41.746648177,-87.622883471,"(41.746648177, -87.622883471)"
8316958,HT551116,10/20/2011 08:45:00 AM,071XX S WOOD ST,0610,BURGLARY,FORCIBLE ENTRY,RESIDENCE,false,false,0735,007,17,67,05,1165583,1857392,2011,02/04/2016 06:33:39 AM,41.764271588,-87.668657817,"(41.764271588, -87.668657817)"
8316959,HT551118,10/20/2011 08:00:00 AM,058XX S WINCHESTER AVE,0610,BURGLARY,FORCIBLE ENTRY,RESIDENCE,false,false,0715,007,15,67,05,1164351,1866111,2011,02/04/2016 06:33:39 AM,41.788223719,-87.672928005,"(41.788223719, -87.672928005)"
8316962,HT549838,10/19/2011 12:45:00 PM,084XX S CALUMET AVE,0483,BATTERY,AGG PRO.EMP: OTHER DANG WEAPON,"SCHOOL, PUBLIC, BUILDING",false,false,0632,006,6,44,04B,1179941,1849210,2011,02/04/2016 06:33:39 AM,41.741502761,-87.61628238,"(41.741502761, -87.61628238)"
8316963,HT551105,10/19/2011 07:45:00 PM,017XX W CARROLL AVE,0610,BURGLARY,FORCIBLE ENTRY,FACTORY/MANUFACTURING BUILDING,false,false,1333,012,27,28,05,1164686,1902392,2011,02/04/2016 06:33:39 AM,41.88777543,-87.670673381,"(41.88777543, -87.670673381)"
8316967,HT551138,10/20/2011 11:35:00 AM,056XX S WABASH AVE,1811,NARCOTICS,POSS: CANNABIS 30GMS OR LESS,STREET,true,false,0233,002,20,40,18,1177678,1867616,2011,02/04/2016 06:33:39 AM,41.792062287,-87.624017707,"(41.792062287, -87.624017707)"
8316968,HT549402,10/18/2011 01:30:00 PM,011XX N WESTERN AVE,0820,THEFT,$500 AND UNDER,"SCHOOL, PUBLIC, BUILDING",false,false,1312,012,1,24,06,1160197,1907701,2011,02/04/2016 06:33:39 AM,41.902437713,-87.687011559,"(41.902437713, -87.687011559)"
8316969,HT549689,10/19/2011 08:30:00 AM,031XX W BERTEAU AVE,0486,BATTERY,DOMESTIC BATTERY SIMPLE,RESIDENCE,false,true,1724,017,33,16,08B,1154870,1927750,2011,02/04/2016 06:33:39 AM,41.957562182,-87.706039761,"(41.957562182, -87.706039761)"
8316973,HT549666,10/19/2011 12:40:00 PM,031XX W GRAND AVE,0484,BATTERY,PRO EMP HANDS NO/MIN INJURY,"SCHOOL, PUBLIC, BUILDING",false,false,1311,012,26,23,08B,1155402,1905875,2011,02/04/2016 06:33:39 AM,41.897524786,-87.704673571,"(41.897524786, -87.704673571)"
8316975,HT551139,10/20/2011 11:50:00 AM,062XX S CLAREMONT AVE,0890,THEFT,FROM BUILDING,RESIDENTIAL YARD (FRONT/BACK),false,false,0825,008,15,66,06,1161797,1863259,2011,02/04/2016 06:33:39 AM,41.7804509,-87.682371751,"(41.7804509, -87.682371751)"
8316976,HT549610,10/19/2011 11:40:00 AM,031XX W WALNUT ST,0483,BATTERY,AGG PRO.EMP: OTHER DANG WEAPON,"SCHOOL, PUBLIC, BUILDING",false,false,1331,012,27,27,04B,1155337,1901461,2011,02/04/2016 06:33:39 AM,41.885413657,-87.705031022,"(41.885413657, -87.705031022)"
8316977,HT550792,10/19/2011 12:00:00 PM,033XX W CHICAGO AVE,1310,CRIMINAL DAMAGE,TO PROPERTY,GROCERY FOOD STORE,false,false,1121,011,27,23,14,1153750,1905130,2011,02/04/2016 06:33:39 AM,41.895513492,-87.710761053,"(41.895513492, -87.710761053)"
8316981,HT551177,10/20/2011 08:00:00 AM,054XX N SHERIDAN RD,2820,OTHER OFFENSE,TELEPHONE THREAT,OTHER,false,true,2023,020,48,77,26,1168658,1936265,2011,02/04/2016 06:33:39 AM,41.980639456,-87.65510293,"(41.980639456, -87.65510293)"
8316982,HT551152,10/20/2011 06:00:00 AM,082XX S JEFFERY BLVD,0920,MOTOR VEHICLE THEFT,ATT: AUTOMOBILE,STREET,false,false,0414,004,8,46,07,1190953,1850842,2011,02/04/2016 06:33:39 AM,41.745722241,-87.575882883,"(41.745722241, -87.575882883)"
8316984,HT545347,10/16/2011 12:19:19 PM,017XX N DRAKE AVE,2027,NARCOTICS,POSS: CRACK,RESIDENCE,true,false,1422,014,26,23,18,1152547,1911412,2011,02/04/2016 06:33:39 AM,41.912775761,-87.71501311,"(41.912775761, -87.71501311)"
8316985,HT539187,10/12/2011 11:13:00 AM,052XX W ADAMS ST,1811,NARCOTICS,POSS: CANNABIS 30GMS OR LESS,SIDEWALK,true,false,1522,015,29,25,18,1141555,1898831,2011,02/04/2016 06:33:39 AM,41.878462355,-87.755706646,"(41.878462355, -87.755706646)"
8316987,HT551165,10/19/2011 05:30:00 PM,065XX W 64TH ST,1152,DECEPTIVE PRACTICE,ILLEGAL USE CASH CARD,RESIDENCE,false,false,0812,008,23,64,11,1133872,1861369,2011,02/04/2016 06:33:39 AM,41.775798875,-87.784795738,"(41.775798875, -87.784795738)"
8316989,HT551163,10/20/2011 12:00:00 PM,132XX S CARONDOLET AVE,1310,CRIMINAL DAMAGE,TO PROPERTY,RESIDENCE-GARAGE,false,false,0433,004,10,55,14,1198437,1817746,2011,02/04/2016 06:33:39 AM,41.65471964,-87.549564253,"(41.65471964, -87.549564253)"
8316990,HT550955,10/20/2011 08:15:00 AM,001XX N STATE ST,143A,WEAPONS VIOLATION,UNLAWFUL POSS OF HANDGUN,CTA TRAIN,true,false,0122,001,42,32,15,1176330,1901649,2011,02/04/2016 06:33:39 AM,41.885481891,-87.627935689,"(41.885481891, -87.627935689)"
8316992,HT550989,10/20/2011 08:30:00 AM,064XX W ARCHER AVE,0291,CRIM SEXUAL ASSAULT,ATTEMPT NON-AGGRAVATED,STREET,false,false,0811,008,23,56,02,1134566,1867400,2011,02/04/2016 06:33:39 AM,41.792336877,-87.782109801,"(41.792336877, -87.782109801)"
8316993,HT549180,10/18/2011 08:00:00 PM,106XX S HOXIE AVE,0810,THEFT,OVER $500,STREET,false,false,0434,004,10,51,06,1195211,1834998,2011,02/04/2016 06:33:39 AM,41.702140957,-87.560802048,"(41.702140957, -87.560802048)"
8316997,HT550984,10/20/2011 09:45:00 AM,052XX S BLACKSTONE AVE,0486,BATTERY,DOMESTIC BATTERY SIMPLE,COMMERCIAL / BUSINESS OFFICE,true,false,2131,002,4,41,08B,1186803,1870721,2011,02/04/2016 06:33:39 AM,41.80037117,-87.590459878,"(41.80037117, -87.590459878)"
8316998,HT550833,10/18/2011 02:00:00 PM,090XX S BRANDON AVE,1320,CRIMINAL DAMAGE,TO VEHICLE,STREET,false,false,0424,004,10,46,14,1198897,1845558,2011,02/04/2016 06:33:39 AM,41.731026972,-87.546952093,"(41.731026972, -87.546952093)"
8316999,HT548100,10/17/2011 04:00:00 AM,004XX W WELLINGTON AVE,0486,BATTERY,DOMESTIC BATTERY SIMPLE,APARTMENT,false,true,2333,019,44,6,08B,1172702,1920238,2011,02/04/2016 06:33:39 AM,41.936572103,-87.640707032,"(41.936572103, -87.640707032)"
8317000,HT549688,09/21/2011 09:00:00 AM,052XX N DAMEN AVE,0843,THEFT,ATTEMPT FINANCIAL IDENTITY THEFT,OTHER,false,false,2012,020,40,4,06,1162060,1934630,2011,02/04/2016 06:33:39 AM,41.976293745,-87.679413926,"(41.976293745, -87.679413926)"
8317002,HT521568,10/06/2011 07:00:00 AM,010XX N MOZART ST,2050,NARCOTICS,CRIMINAL DRUG CONSPIRACY,STREET,true,false,1311,012,26,24,18,1157201,1906637,2011,02/04/2016 06:33:39 AM,41.899579417,-87.698045315,"(41.899579417, -87.698045315)"
8317008,HT551112,10/19/2011 06:00:00 AM,022XX W HURON ST,0620,BURGLARY,UNLAWFUL ENTRY,RESIDENCE-GARAGE,false,false,1313,012,1,24,05,1161405,1904636,2011,02/04/2016 06:33:39 AM,41.894002048,-87.682659765,"(41.894002048, -87.682659765)"
8317009,HT549148,10/18/2011 06:30:00 PM,012XX W RANDOLPH ST,0610,BURGLARY,FORCIBLE ENTRY,RESTAURANT,false,false,1212,012,27,28,05,1168134,1901125,2011,02/04/2016 06:33:39 AM,41.884224927,-87.658047889,"(41.884224927, -87.658047889)"
